Song Title,Artist,Spotify or YouTube link,Your name (or tag)
Wait and Bleed,Slipknot,https://www.youtube.com/watch?v=xAUaEfzt_VU,Gabster
Bloody Mary,"KANKAN, Fake Type",https://youtu.be/iYHC-_WnkiQ?si=ZVAQ_-H1brXeikSc,Derek
Brasilian Skies,Masayoshi Takanaka,https://youtu.be/k0ynTKJZirg?si=JGhuKlHKa_jaYQ5t,Giovanni
De Musica Ligera,Soda Stereo,https://open.spotify.com/track/2WD9ggmpZE7Wodh3qVVCgg?si=a101a1fbeb944c83,Ale :)
The Ballad of Buck Ravers,SAMURAI,https://open.spotify.com/track/4QFsfUVgZesJCJ7jQXCXZ4?si=6e0ec20f38b54347,Esteb1ne
Life Itself,Glass Animals,https://open.spotify.com/track/32zkKx35Et6A515oZKxDkD?si=NdngHT4XTwWmO5AkRiZwKw,yommi
Dive Back In Time,白鲨JAWS,https://open.spotify.com/track/5MDff48720BZmPEOs3kHpF?si=8lb3D7pPSu2t6FvbnY2E6Q,yommi
VORTEX,白鲨JAWS,https://open.spotify.com/track/3MQTl86jub6KbdirMaEuGE?si=sprQiJyrQfSjp4HluTpn3g,yommi
ReReReRegulus,Reverse1999,https://www.youtube.com/watch?v=RZUvfUiQuWQ&list=RDEWDv4g0RFos&index=2&ab_channel=Reverse%3A1999,shi
VILLAIN,K/DA,https://open.spotify.com/track/3QSjVPObHxuAJc3E5nrjRn?si=e5791f5f85d9446c,wece
POP/STARS,K/DA,https://open.spotify.com/track/5sbooPcNgIE22DwO0VNGUJ?si=fe96be077c59402d,wece
MORE,K/DA,https://open.spotify.com/track/6juLaduD4STCUDWT0AYun4?si=fa8d2f836b104cb5,wece
Still Into You,Paramore,https://open.spotify.com/track/1yjY7rpaAQvKwpdUliHx0d?si=dc3ee7c835634ec6,wece
Misery Business,Paramore,https://open.spotify.com/track/6SpLc7EXZIPpy0sVko0aoU?si=4dc15325da394a8a,wece
Ain't It Fun,Paramore,https://open.spotify.com/track/1j8z4TTjJ1YOdoFEDwJTQa?si=ea01e05b3316438f,wece
Hard Times,Paramore,https://open.spotify.com/track/0w5Bdu51Ka25Pf3hojsKHh?si=2e1a2cb0d35441c3,wece
You First,Paramore,https://open.spotify.com/track/2ZMkAWKrNDXrQuF0N9Q9Xj?si=39dc70322691421c,wece
Crave,Paramore,https://open.spotify.com/track/7wYCva1bI1AkHRQoVXhy8F?si=88bd17b4827c4eaa,wece
Running Out Of Time,Paramore,https://open.spotify.com/track/5NRtdsFFlmyE8qDMgS08PE?si=1274467fed024991,wece
From The Start,Laufey,https://open.spotify.com/track/43iIQbw5hx986dUEZbr3eN?si=b89d3344ead44861,wece
institutionalized ,suicidal tendencies ,https://open.spotify.com/track/7G83ZwD2msTtFaBQExc8QB?si=4607db7a6ff84e6c,abbi
i shot the devil,suicidal tendencies ,https://open.spotify.com/track/1ec3LR71wMW1SDCckHQ6gk?si=8003b549eaca41e8,abbi
Falling Behind,Laufey,https://open.spotify.com/track/4KGGeE7RJsgLNZmnxGFlOj?si=3572882bebe842df,wece
Valentine,Laufey,https://open.spotify.com/track/6cx5CvFhqN19efStehJqoW?si=98aa30dc7f1547cf,wece
all right,red velvet,https://open.spotify.com/track/2SahFuW1EZN9MXNVTkxv6F?si=e089a95c50b74c48,abbi 
Nonsense,Sabrina Carpenter,https://open.spotify.com/track/6dgUya35uo964z7GZXM07g?si=827e61a8933a4b5f,wece
Feather,Sabrina Carpenter,https://open.spotify.com/track/2Zo1PcszsT9WQ0ANntJbID?si=2097164281e94952,wece
but not for me,chet baker,https://open.spotify.com/track/3pfbQmD5xGH9Tcc7GqGfSL?si=47464b008872457d,abbi
literally all of in aeroplane over the sea,https://open.spotify.com/album/0vVekV45lOaVKs6RZQQNob?si=d89bde94eb5e4ef0,https://open.spotify.com/album/0vVekV45lOaVKs6RZQQNob?si=d89bde94eb5e4ef0,abbi
all of either/or ,elliott smith,https://open.spotify.com/album/5bmpvyP7UGqB4VuXmrJUMy?si=-ks1C5K4Tyeiu22CdfFUnQ,abbi 
bad idea,girl in red,https://open.spotify.com/track/57j65yC2HggQfmYNc6rdOK?si=4aa60a8629b94be1,abbi
something stupid,frank sinatra and nancy sinatra,https://open.spotify.com/track/57j65yC2HggQfmYNc6rdOK?si=4aa60a8629b94be1,abbi
Read Your Mind,Sabrina Carpenter,https://open.spotify.com/track/4Wos0h9ECU2Z3oJMTQxpbc?si=24db510f7f854493,wece
somewhere over the rainbow/what a wonderful world,israel kamakawiwo'ole,https://open.spotify.com/track/25U7raB3ZSszayTYClh4hF?si=74af71606b9a4a39,abbi
Alameda,Elliott Smith,https://open.spotify.com/track/3c1EHob1Rp5p1P37YERSr6?si=36d5ede25f6540a8,Duck
always in one place,mindvacy,https://open.spotify.com/track/7sy0RxAAMRsRZVCKobzzIc?si=4bd601fa9025484f,Duck
MORE,The Warning,https://open.spotify.com/track/2uqCJn5VFTf3sZEDJZvvX0?si=e6d18e93be214bb1,wece
DISCIPLE,The Warning,https://open.spotify.com/track/5wvsoPecGLpTFCFg8qhM2a?si=375c8db47b474a80,wece
long long time,linda ronstadt ,https://open.spotify.com/track/1khA4hwhZD4HMecyE1e9U1?si=90ff25ce2ddf4536,abbi 
the dream synopsis,the last shadow puppets,https://open.spotify.com/track/1iPeDwic3VEt0T75NyVoaG?si=2763ff1bc77d43c8,abbi
Grace,Jeff Buckley,https://open.spotify.com/track/64SIlhd3BaHCCMSfajXG7l?si=b52f783e83c14da9,Duck
Narcisista,The Warning,https://open.spotify.com/track/7ECZGiOoEPSxnPBU25Tc3f?si=04dca9e76d2c4b58,wece
Dust to Dust,The Warning,https://open.spotify.com/track/3byoK5Yi2YT9Gcc4xS8qKE?si=10e52983ec6b49c9,wece
Flim,Aphex Twin,https://open.spotify.com/track/3JJ4BoL9WVHk4Yye2EGJC7?si=c09e375fb4d142a4,Duck
deja vu,gorillaz/alicai harley,https://open.spotify.com/track/6TWWFfMjV3XMwKhJcEuEXW?si=286b792f6b914abd,abbi
MONEY,The Warning,https://open.spotify.com/track/3ttIVj1N3d6hV8t0UL2Mjo?si=e29c19c592c545aa,wece
"I Love Life, Thank You",Mac Miller,https://open.spotify.com/track/56s4IHGnJVGZYcdOVmC3eb?si=c83334db028345b2,Duck
P.S.Y.C.H.O.T.I.C,The Warning,https://open.spotify.com/track/0wRHqRHUXgoOXe6H6XS1sJ?si=b8342a2b7f4645bd,wece
wyoming,elijah fox,https://open.spotify.com/track/7AD62SKq4XjpH92x6rPetX?si=9a9bdbf4567f4a09,abbi 
wet,dazzy and the scouts,https://open.spotify.com/track/7yBjQ29XKxHlxuqycHuvmm?si=56731dc55d7c4cb7,abbi
ANTIFRAGILE,LE SSERAFIM,https://open.spotify.com/track/0bMoNdAnxNR0OuQbGDovrr?si=54c1ab78bd3749c5,wece
I Been Young,George Clanton,https://open.spotify.com/track/1gRDj5L77TVphFS2AT0nh3?si=b3f710105d114762,Duck
strawberry blond,mitski,https://open.spotify.com/track/1EO9dn7V0ufwPHJngZThO5?si=27e09441f14d43be,abbi
UNFORGIVEN (feat. Nile Rodgers),LE SSERAFIM,https://open.spotify.com/track/51vRumtqbkNW9wrKfESwfu?si=d7c3ca6af46f4d99,wece
"Eve, Psyche & The Bluebeard's wife",LE SSERAFIM,https://open.spotify.com/track/4QhnNyKDsAkXPwHkSnuc89?si=61ff4e4a09df4bd5,wece
wave of mutilation,pixies,https://open.spotify.com/track/51Z2IzJvLCnZaIpBV0IYRr?si=d385fd0e290e45fe,abbi
pale blue eyes,velvet underground,https://open.spotify.com/track/11VwZwNF29HrqwalYUMitb?si=def409591a68425a,abbi
Queencard,(G)I-DLE,https://open.spotify.com/track/4uOBL4DDWWVx4RhYKlPbPC?si=9a010676b03943c6,wece
TOMBOY,(G)I-DLE,https://open.spotify.com/track/0IGUXY4JbK18bu9oD4mPIm?si=e48f280829664ec1,wece
after hours,velvet underground,https://open.spotify.com/track/6cA1usDL8nTHeSgFewQat3?si=1ce32ce4cfae4153,abbi
starting over,LSD and the search for god,https://open.spotify.com/track/0dcu28YT8cXZH7JTIraszp?si=e70b429fc43241ac,abbi
last kiss,bonnie pink,https://open.spotify.com/track/07bqcRvKMxV0VzXBfMWI1Q?si=1e85f27c835f400b,abbi
russian roulette,red velvet,https://open.spotify.com/track/5HiSc2ZCGn8L3cH3qSwzBT?si=c6314383911b4591,abbi
omoide cafe,ichiko aoba,https://open.spotify.com/track/18uzOS9Ot3qHpM357bnFQk?si=baa1bc5994b94ad2,abbi
The Feels,TWICE,https://open.spotify.com/track/308Ir17KlNdlrbVLHWhlLe?si=7dd12dc202804f17,wece
踊り子,vaundy,https://open.spotify.com/track/4UeWKazLR1ZwwSVnLw9Ir9?si=213327f7f35846a4,abbi
never going back again,fleetwood mac,https://open.spotify.com/track/19Shlms2uTnOjIUg50TXzd?si=65dda4097646422c,abbi
sarah,alex g,https://open.spotify.com/track/4HuiEuJ7ZW8jewUuZBg6sk?si=fd8857a8d5754cd3,abbi
gardenhead/leave me alone,neutral milk hotel,https://open.spotify.com/track/2yv9rzdLVlrerwpQBJ5ZRw?si=e56228c8781d4962,abbi
Agnes,Glass Animals,https://open.spotify.com/track/6prvUr8l3t7x5GY7heQb5w?si=erOXhIcUS_6dKc1ADTiosg,yommi
an old smile,macabre plaza,https://open.spotify.com/track/7GipuWhjsp4BCIiuId4Gqc?si=4257fdc3643b4f3f,abbi
Tangerine,Glass Animals,https://open.spotify.com/track/40rOlDoGejXXF4B0BYsjx8?si=Sue8xVtbQfybd2DYuDO0-w,yommi
till the wheels fall off,macabre plaza,https://open.spotify.com/track/29ac5I0B0NierBqLwJgMkc?si=7a5ba078cf064ffc,abbi
L I S A,lush crayon ,https://open.spotify.com/track/1SV7FKtq8uOta3AizJ9bJc?si=a2a4957b71b34afd,abbi
パームサンデー,lush crayon,https://open.spotify.com/track/5tDf33JbOJW8y8YK5ou83e?si=ccadb5f109dc41f8,abbi
the lifespan of a rivalry,shalfi,https://open.spotify.com/track/1Vg7sJ5BFzNN5lNL7zpMKe?si=cf2a08e33977422e,abbi
amaterasu,shalfi,https://open.spotify.com/track/1qymoHrGlv97t0PIhBiHxK?si=2b44d37395734101,abbi
defender,shalfi,https://open.spotify.com/track/42xXyNrhlsAPfM9GbX4PMD?si=f122a9d0528c48f9,abbi 
Shut Down,BLACKPINK,https://open.spotify.com/track/7gRFDGEzF9UkBV233yv2dc?si=882ee5e97fac4ebe,wece
Pink Venom,BLACKPINK,https://open.spotify.com/track/5zwwW9Oq7ubSxoCGyW1nbY?si=2c65b29b16764ca0,wece
How Like You That,BLACKPINK,https://open.spotify.com/track/4SFknyjLcyTLJFPKD2m96o?si=ba567f03bd8644be,wece
Typa Girl,BLACKPINK,https://open.spotify.com/track/0L8LOav65XwLjCLS11gNPD?si=df8a17409a47460d,wece
Hard To Love,BLACKPINK,https://open.spotify.com/track/3MJhPqL2IgGs7gHEB2M35q?si=f00e5c608a8d4ed0,wece
Heart Attack,LOONA,https://open.spotify.com/track/6SSC9KZQaxBdyipKRigrFC?si=48bfa6ece47b48c4,wece
Hitsuji ga Ippiki,Vivid BAD SQUAD,https://youtu.be/QkF12S1QCxc?si=ArGVzjI3UzZERNQL,yommi
classic j dies and goes to hell part 1,glass beach,https://open.spotify.com/track/3ezuOjWuTirncJITAb8ahf?si=55db563bc78840b7,mari
I'll Stick Around,Foo Fighters,https://open.spotify.com/track/4LGKzrdEeBwR9UHCGlDT0W?si=31702f9008e44171,Duck
PTT (Paint The Town),LOONA,https://open.spotify.com/track/5awNIWVrh2ISfvPd5IUZNh?si=98f2ec07d1044b53,wece
Hi High,LOONA,https://open.spotify.com/track/4EMAaWwu2zXTkXIA6YPKkt?si=8c29c835171c44b1,wece
Clusterhug,I DONT KNOW HOW BUT THEY FOUND ME,https://open.spotify.com/track/65yrKuYdBYsMA1ItIngmjc?si=dcae54bacaf34d6d,mari
The Moon,The Microphones,https://open.spotify.com/track/4pbEwQiDjPln3oYlijXuOE?si=d7c3c864c2a449bc,Duck
Butterfly,LOONA,https://open.spotify.com/track/6wNKKoUQfLPmch7cqSFytV?si=d2010401890c4d62,wece
Fight Test,The Flaming Lips,https://open.spotify.com/track/0ScgmigVOJr2mFsAtwFQmz?si=f339b8d664464e04,Duck
Vancouver,Jeff Buckley,https://open.spotify.com/track/3EpttYJLCx0QCqDDhr1aPR?si=20b9979d022d41f1,Duck
I Stay Away,Alice In Chains,https://open.spotify.com/track/6HnZsLUDrG3HTSbh8sq2u3?si=0705cc7f3a794d99,Duck
Rain When I Die,Alice In Chains,https://open.spotify.com/track/6a9SPVrXyrlVh5Fh08f8Bz?si=40f8c1469fe84336,Duck
Marigolds,Early Eyes,https://open.spotify.com/track/6jDjdfe7npTAxfwVq2HRfr?si=ebae12e055ce40fa,mari
Case for you,"Early Eyes, Dizzy Fae",https://open.spotify.com/track/4DbOFdHstaZ8vBDSza2Ei4?si=25a1f4a3796441bd,mari
reflection eternal,Nujabes,https://open.spotify.com/track/6eGMwVVABqVTe9bWRIm498?si=3f2bac4a173a4186,Duck
Glue Song,beabadobee,https://open.spotify.com/track/3iBgrkexCzVuPy4O9vx7Mf?si=0d2c7b6e2aef43cd,wece
Apple Cider,Early Eyes,https://open.spotify.com/track/5I7419zU7uwAC5tkLNeoOV?si=c2c68083c4e54521,mari
Spikes,Death Grips,https://open.spotify.com/track/11TpRtA1zMLeAPTLloNmG4?si=6582139488ad44db,Duck
the perfect pair,beabadobee,https://open.spotify.com/track/41P6Tnd8KIHqON0QIydx6a?si=5de6978f0ffe4fd7,wece
#3,Aphex Twin,https://open.spotify.com/track/7glKwbR1DyuIuE6XvZvJbQ?si=9addde8644ce4506,Duck
the way things go,beabadobee,https://open.spotify.com/track/5sA3i6SGkILMiZW6Fhx4wv?si=f56f309ab0e846c3,wece
charles(Self Cover),balloon,https://open.spotify.com/track/0k0R0DiJcrEctDNCDe7hmJ?si=M-kvGoFiQCWZNq7FZAhX7Q,yommi
A Night To Remember,beabadobee,https://open.spotify.com/track/180AbZduI6bYQIzwCHRwu9?si=ea6b5c43884d456e,wece
non-breath oblige,PinocchioP,https://open.spotify.com/track/5LAec0974S9ZJ4WmNbgRyv?si=kgy-BK-YSkyfUvOpqYtT2Q,yommi
Sunkissed,khai dreams,https://open.spotify.com/track/34RmzDXMv0ELSQTK4pNvX3?si=9ED0H8DXQ0GuM3xVas0X3A,yommi
Enemy (with JID),Imagine Dragons,https://open.spotify.com/track/1r9xUipOqoNwggBpENDsvJ?si=383aadd877c14f81,wece
Vordhosbn,Aphex Twin,https://open.spotify.com/track/0AjQvTAlYcWQ6JpJcUdsKw?si=ecf12a1467894727,Duck
My One And Only Love,"John Coltrane, Johnny Hartman",https://open.spotify.com/track/0uPkCpuoERqrkBL06Art50?si=c72d39c9592441a0,Duck
Wild,Spoon,https://open.spotify.com/track/05uhED0miR9OJYPalPi7tx?si=3fcc362642814aeb,Duck
Such Great Heights,The Postal Service,https://open.spotify.com/track/4G21jWo0Cm6lOIUNnZ2mUI?si=1cae788843ef4c34,Duck
Cigarettes out the Window,TV Girl,https://open.spotify.com/track/6QeYSvYqYUsfBzsApbjDHO?si=10600e8c0ce2412b,Duck
You'll Never Find Another Love Like MIne,Lou Rawls,https://open.spotify.com/track/6OylYIXrIH2E3hgg7Dqz5M?si=bde1747e7d2344f5,big T
we fell in love in october,girl in red,https://open.spotify.com/track/6IPwKM3fUUzlElbvKw2sKl?si=6be13fd3e84e4d66,wece
i wanna be your girlfriend,girl in red,https://open.spotify.com/track/5PjdC2gMATetx5xdnwGUu7?si=e1302533aeba4e6f,wece
Right Now,Santana,https://open.spotify.com/track/1rH1CqV2gJw5gAvSpt1qyz?si=66eda2d7ae2c403d,Big T
bad idea!,girl in red,https://open.spotify.com/track/57j65yC2HggQfmYNc6rdOK?si=d3f84023694540a9,wece
midnight love,girl in red,https://open.spotify.com/track/32XaqPVTVkkuOiOPQZ3SpA?si=859bf79b37f3449f,wece
What's Going On,Marvin Gaye,https://open.spotify.com/track/3Um9toULmYFGCpvaIPFw7l?si=8f371b5a203b4560,big T
Serotonin,girl in red,https://open.spotify.com/track/7tLTxOJY6cjQz4aJYMs8Nu?si=620dd172f4a3471f,wece
Just the Two of Us (feat. Bill Withers),"Grover Washington, Jr., Bill Withers",https://open.spotify.com/track/2tH28YyKYOldxhuBHoI79M?si=d409bc6d4ee6408b,big T
vampire,Olivia Rodrigo,https://open.spotify.com/track/1kuGVB7EU95pJObxwvfwKS?si=6f9e3361cd4a46f0,wece
Television / So Far So Good,Rex Orange County,https://open.spotify.com/track/27rZYxE4l21wTaovX4WTnI?si=a257d1641f304ca0,big T
STOP TRYING TO BE GOD,Travis Scott,https://open.spotify.com/track/1xYpVRspgaLxdJLOTQkTjg?si=abe8b802773e4974,big T
Crack Rock,Frank Ocean,https://open.spotify.com/track/5lcyIeEfwZTs8Ajw3kdF7P?si=9b62e2d43ba44b3b,big T
bad idea right?,Olivia Rodrigo,https://open.spotify.com/track/3IX0yuEVvDbnqUwMBB3ouC?si=955f5f9338104190,wece
Unshaken,D'Angelo,https://open.spotify.com/track/3okk47CKOqAm1TXmVPzNYf?si=d479983ff8f04eb4,big T
Figure You Out,Djo,https://open.spotify.com/track/6TorufIR9E06RXo3VhZaae?si=bd9d977cac734750,big T
Alter Ego,Tame Impala,https://open.spotify.com/track/5LICMXZgySWGZzyGENmvMv?si=22a4510cbbc046ac,big T
Guns for Hire,Woodkid,https://open.spotify.com/track/46ywPN36eLaRjQddouF83h?si=81eaa7cae01b4251,Woodkid
deja vu,Olivia Rodrigo,https://open.spotify.com/track/6HU7h9RYOaPRFeh0R3UeAr?si=30f4c908f2ed41c4,wece
Wesley's Theory,"Kendrick Lamar, George Clinton, Thundercat",https://open.spotify.com/track/7Ks4VCY1wFebnOdJrM13t6?si=270dcb14ff8e4d0e,big T
Heartbeat,Childish Gambino,https://open.spotify.com/track/0zo4aX57COch7Wh3NRImTM?si=eb9cdf7bc7e84deb,big T
drivers license,Olivia Rodrigo,https://open.spotify.com/track/5wANPM4fQCJwkGd4rN57mH?si=116c7398fda44b5d,wece
Buried Alive,Logic,https://open.spotify.com/track/0Kojfmpnf0A2yC1zyv39Zx?si=3aa54d49af2b4184,big T
lacy,Olivia Rodrigo,https://open.spotify.com/track/6QT6j7rKt7Vk3IuV2AUO9W?si=0375e577f02c488b,wece
6 God,Drake,https://open.spotify.com/track/3a8tAZFJxlmBwOtrf5L1oC?si=0a5a30587d2e4407,big T
Tribe,"Bas, J. Cole",https://open.spotify.com/track/0YAQnYt2oB8OdoaeqnHyTI?si=a92335f1f9bc46c2,putting this because fuck mari abbi and sofi 
Bubblin,Anderson .Paak,https://open.spotify.com/track/6BvtitRX5lQC87YlA6rq0n?si=e5941bd04bd94b10,big T
WISH FEAT. KIDDO MARV,"Denzel Curry, Kiddo Marv",https://open.spotify.com/track/0shSP8DgseLewHgAiMC4UL?si=30623e1d50a748c8,big T
GIANTS,True Damage,https://open.spotify.com/track/5C0ivQMxes2lWuOANhvVAm?si=b89d27a163de4774,big T
Disloyal Order of Water Buffaloes,Fall Out Boy,https://open.spotify.com/track/4qg2rXtE20scfPhGvG5tqq?si=4e6d40561d114b8e,big T
Locked out of Heaven,Bruno Mars,https://open.spotify.com/track/3w3y8KPTfNeOKPiqUTakBh?si=2cd5b9f75b5d4026,big T
Careful You,TV on the Radio,https://open.spotify.com/track/7DjtLnZKMipNZDt6SE9iEq?si=688148646028406e,big T
The Sharpest Lives,My Chemical Romance,https://open.spotify.com/track/2kMjk14RmYyYhhSbipoa9U?si=44bf0add93874092,big T
Viva La Vida,Coldplay,https://open.spotify.com/track/1mea3bSkSGXuIRvnydlB5b?si=25d8339dfa644c38,wece
Brianstorm,Arctic Monkeys,https://open.spotify.com/track/5rTIpPWeO0IL4HWlGWrz5G?si=69bad7bb05f84376,big T
Wisdom of Rage,Waveshaper,https://open.spotify.com/track/3sPjbQIcFsrH4TlLWZbKo3?si=e74094c0b85d4c2b,big T
Le perv,Carpenter Brut,https://open.spotify.com/track/1coJ1H1FiEZG93naXkOsNF?si=e7ce91f6518a4791,big T
"Mohg, Lord of Blood [Synthwave Version]",CthulhuSeeker,https://open.spotify.com/track/71gVbpv2VwVHMPo5lmU9Kr?si=795db70d7a5f4d53,big T
CUT,Panchiko,https://open.spotify.com/track/2hCFo7Rd91GyhyamQgrV3b?si=7d663f6fc33f4378,big T
Jigsaw Falling Into Place,Radiohead,https://open.spotify.com/track/0YJ9FWWHn9EfnN0lHwbzvV?si=f6c9d2a005f9455d,big T
PARANOIA,Heartsteel,https://open.spotify.com/track/29WxJqIfDRMo9isV07kbJP?si=52b802a2daad4b89,wece
Looking at Me,Sabrina Carpenter,https://open.spotify.com/track/59tskctgqUmjCWAwhzYAFm?si=dec855951b9e4c8c,wece
Executioner's Calling,Pentakil,https://open.spotify.com/track/5hdHRPKv5pwB93nBq19reU?si=78251b0e73844571,big T
Thumbs,Sabrina Carpenter,https://open.spotify.com/track/6WC5fhc9XMaCrUNKNjm9xE?si=93510039609a4be6,wece
Disposable Heroes (Remastered),Metallica,https://open.spotify.com/track/2a2le1M7cmvdrg1QHH7H53?si=8f132aa4856b4846,big T
"Never - From ""Footloose"" Soundtrack",Moving Pictures,https://open.spotify.com/track/1O5Cs8QMzeJmU2UOBA6uNR?si=ef3d607d79d24624,big T
Mona Lisa,Sabrina Carpenter,https://open.spotify.com/track/7Gq4tfeuWPjr6WQiB7aBXz?si=486cc4d233b74f8b,wece
HOLIDAY,Turnstile,https://open.spotify.com/track/1dB0NylVkpjdOe8DiekIs7?si=1236c6e0cc7b4d91,big T
Diamonds Are Forever,Sabrina Carpenter,https://open.spotify.com/track/2KTdmzSdPipwFYdUdilmi3?si=ae6027a0755b4443,wece
Wheel in the Sky,Journey,https://open.spotify.com/track/215wUTQQUo2PElJFEFoB0d?si=822bc2c8fe9941eb,Infinity
Come a Little Bit Closer,Jay & the Americans,https://open.spotify.com/track/252YuUdUaC5OojaBU0H1CP?si=253be563a96a416d,big T
Everything She Wants,Wham!,https://open.spotify.com/track/5hXEcqQhEjfZdbIZLO8mf2?si=6dd0b79a1ae74234,big T
That's All - 2007 Remaster,Genesis,https://open.spotify.com/track/2zFdsAIk9r2Mi7Lmm1w3sM?si=abcc413fdd264ba3,big T
Find Me in Your Dreams,"Ace of Hearts, Deanna Gowland",https://open.spotify.com/track/7mOudA3iNHiRclctRuDzSj?si=122d77a9d68a4b12,big T
So Real,Jeff Buckley,https://open.spotify.com/track/6PBzdsMi6YNdYAevzozBRi?si=69859fd1348f424d,big T
Off the Wall,Michael Jackson,https://open.spotify.com/track/3zYpRGnnoegSpt3SguSo3W?si=7a83a5b59c8a4549,big T
Aquel Viejo Motel,David Pabon,https://www.youtube.com/watch?v=1oLnDNwXo-k,Ale :)
Cupid - Twin Ver.,FIFTY FIFTY,https://open.spotify.com/track/7FbrGaHYVDmfr7KoLIZnQ7?si=56dfa4aff6524be7,wece
Me Rehuso,Danny Ocean,https://open.spotify.com/track/6ifUES3keWjwXgae8pXI3o?si=eb89ec891f564dd8,ALE !
This fifire,Franz Ferdinand,https://open.spotify.com/track/46gSk82duJtX3TTA182ruG?si=4723738c96ab4bc7,ALEEE
Siren,Kailee Morgue,https://open.spotify.com/track/4xb8JHIN56xixSl6vkSPjm?si=915a7edfee6848ee,wece
This Is Why I'm Hot,Kailee Morgue,https://open.spotify.com/track/0Wdti1sgfzx6f5XyBLmI0Z?si=c55b29e36de14584,wece
Medusa,Kailee Morgue,https://open.spotify.com/track/131sUIJTuOwXZkzovJ1AGs?si=6efcc76af29d44fb,wece
Desert Rose,Lolo Zouai,https://open.spotify.com/track/0HUdWSPyrr98kiAdR3Mvyp?si=c84f73fc424c40f9,wece
Caffeine,Lolo Zouai,https://open.spotify.com/track/0wEPue9rjGWgvRYNgvsUfw?si=5d894e8b6d8a4f9a,wece
FORTUNA,Lexie Liu,https://open.spotify.com/track/4CC1ERQo70R6JdaiFzDdyh?si=0bb1ec84416e4327,wece
Manta,Lexie Liu,https://open.spotify.com/track/2ckGH6FtxWeAv0SskcREd1?si=702a6bdc82cc45b9,wece
Speed Drive,Charli XCX,https://open.spotify.com/track/5VxmI3IdgAxWVvUnJoLuY2?si=6eeeeef3385c4263,wece
Boom Clap,Charli XCX,https://open.spotify.com/track/0Y1MWB026LYxGvhq4EcMiC?si=99c2d7a9a5c941a6,wece
Black Sheep - Brie Larson Local Version,Metric,https://open.spotify.com/track/60TThBDrPpek5k520l0W0L?si=169f8a6e49f142c2,wece
You Stupid Bitch,girl in red,https://open.spotify.com/track/65wEZxhPlAERKLcSbTD7qc?si=5cc2cd6f614d450f,wece
Rose-Colored Boy,Paramore,https://open.spotify.com/track/2RJfK2pOvGpnxC255YOy5k?si=e7d08a23e7214ce6,wece
"Seraphine, the Starry-Eyed Songstress",League of Legends,https://open.spotify.com/track/29kJz9cOUnTVOKwQWbQCsh?si=e6f4b1c8edfd4c91,wece
Skin,Sabrina Carpenter,https://open.spotify.com/track/03B2SfXuvDh1m9F4tqrX07?si=d619bf496938453d,wece
death bed (coffee for your head),beabadobee,https://open.spotify.com/track/7eJMfftS33KTjuF7lTsMCx?si=430b9d7c819e4880,wece
Panic Room,Au/Ra,https://open.spotify.com/track/7uUahoeqGNRMbpdeiLj1rS?si=53260ee19c874456,wece
A like Supreme,SAMURAI,https://open.spotify.com/track/4SxtjfUfvCe4NoeDAY0YhF?si=smlAHUk_TG2IPT6xaBXMpQ,Esteb1ne
Five nights at freddys,The living tombstone ,https://open.spotify.com/track/5ZbwPEUqw1hK6rp0ppD8lR?si=0SXdV4fPRxOoxIRXiVnqiw,Sim_1on
chicken nugget dreamland,Parry Gripp,https://open.spotify.com/track/28B9XbCYSlAUQhepP4tQw7?si=JStT4wWpQsGIbHLHfRcBiw,Sofi
3005,Childish Gambino,https://open.spotify.com/track/2ZltjIqztEpZtafc8w0I9t?si=GdypUIs1Qt-bDX7KNNRevQ,Duck
These Walls,Kendrick Lamar,https://open.spotify.com/track/7a4hhCV3GlgA7a8wwJBy5B?si=XppXr91-Tmawu9yKhjmyZw,Duck
I smoked away my brain,A$AP ROCKY and clams casino,https://open.spotify.com/track/3ZaEs1O8BG581qYPHpQ8d6?si=15992bbda2ce4c3c,Akash
RED TEAR DROPS GOTH CRIP,Black Kray,https://open.spotify.com/track/1a5PQyHHmkkWLE2tMHoy8v?si=7d6ec688048c4ff6,Akash
Tears Don't Fall,Bullet For My Valentine,https://open.spotify.com/track/1kdiiFGX1Htx0aVZYaDwEJ?si=d31fd9a3df954770,Duck
"GONE, GONE / THANK YOU","Tyler, The Creator",https://open.spotify.com/track/1hz7SRTGUNAtIQ46qiNv2p?si=a839ed34cee244b7,Duck
Hacker,Death Grips,https://open.spotify.com/track/7y8X0Z04gJCKtfrnSAMywJ?si=b0fb1e9beab94230,Duck
Good News,Mac Miller,https://open.spotify.com/track/1DWZUa5Mzf2BwzpHtgbHPY?si=1b337b1d88c74dde,Duck
twentyfive,Mixed Matches,https://open.spotify.com/track/7nnfWEdfu9rkJvQ9gXImij?si=6aec886db96144cb,Duck
What They Do,The Roots,https://open.spotify.com/track/1B53Y95tPd4ah4FExO0egE?si=1fc5eeb513984371,Duck
Fly Out West,Yot Club,https://open.spotify.com/track/1GPmqcYcbgQeOiu7P3S6Xo?si=f354a8293ea94434,Duck
Boys at School,SPELLLING,https://open.spotify.com/track/1YQbhCxxb1FzHVAR7Rdwbx?si=f4fed5690700400c,Duck
Star67,Drake,https://open.spotify.com/track/2mmUoyPxzbxehpfm1TpTRK?si=4c5a3ad6e014454d,Duck
You Got Me,The Roots,https://open.spotify.com/track/4pdLZsxq0y5oJDb6Cxlokw?si=5032bd5c3093427e,Duck
Chelsea Smile,Bring Me The Horizon,https://open.spotify.com/track/3eSnqrgqm1R0mkgz80Cpzq?si=f19ce827c0c04bd7,Duck
Over,Playboi Carti,https://open.spotify.com/track/08dz3ygXyFur6bL7Au8u8J?si=653dec25b2bb436a,Duck
Ladders,Mac Miller,https://open.spotify.com/track/39NDBdU5Xkm5pCFGa5kZtI?si=b70044596f944499,Duck
Locust Laced,Sleigh Bells,https://open.spotify.com/track/262BHLpWNz3mZoLLRZoyQV?si=8b8af44ae029413f,Duck
Sic Transit Gloria ... Glory Fades,Brand New,https://open.spotify.com/track/42A4dSYBf0g9OHreccqU5o?si=9eaf24f37b864b44,Duck
What You Need,The Weeknd,https://open.spotify.com/track/4Yw8TyBm9J8cpy2guHUYog?si=8dc12f1f9e694104,Duck
Me and Your Mama,Childish Gambino,https://open.spotify.com/track/31tf1qEai5o5f4r66Kd0pU?si=a39cb565827a49da,Duck
53.49,Childish Gambino,https://open.spotify.com/track/2alJKJoqOOEPVU1Do3eIjJ?si=2587b15e40564f1a,Duck
Vanished,Crystal Castles,https://open.spotify.com/track/0Q2YGyMeeZMAvzebtxoQ5f?si=b3625495d1a24bbb,Duck
Great Day,Madvillain,https://open.spotify.com/track/2teH8BAM9q2oSmBre5hiQM?si=accac7774ba844d1,Duck
THAT'S THAT,MF DOOM,https://open.spotify.com/track/2Vy16OMt19FH30uQNTFdLk?si=2b4be149b68f423c,Duck
Smoke Two Joints,Sublime,https://open.spotify.com/track/0Jur3mZsQba3vqSpcmsOPm?si=99f2d15aaaff450d,Duck
Toxicity,System Of A Down,https://open.spotify.com/track/0snQkGI5qnAmohLE7jTsTn?si=45aa08628db14977,Duck
Xtal,Aphex Twin,https://open.spotify.com/track/7o2AeQZzfCERsRmOM86EcB?si=32075adee71a41a7,Duck
Green Calx,Aphex Twin,https://open.spotify.com/track/3fFOi1PqxGjFKmWW21uQNa?si=1f4a65018cc340d8,Duck
Little Wonders,Rob Thomas,https://open.spotify.com/track/6j6bTAiW0oEfLlAjmRNcbb?si=3b842a463cf84181,Duck
Arthur's Theme,Christopher Cross,https://open.spotify.com/track/5fnOrhQ4KgT5irGCjIccGH?si=489875405e504b65,Duck
L'Amour Toujours,Gigi D'Agostino,https://open.spotify.com/track/52LJ3hyknOijCrE5gCD0rE?si=baf41154b5c1436a,Duck
Empire Ants,Gorillaz,https://open.spotify.com/track/3a6PN6BRB8PP3ms48s7kU1?si=6a10d5f4e5db43e8,Duck
Sept. 16,Kid Cudi,https://open.spotify.com/track/3Uw2se3aQU1UFrpRBvBnB4?si=f77c32dda9e8463a,Duck
Blind,Korn,https://open.spotify.com/track/1pr9TZGOXeJUggIal1Wq3R?si=72d92242eea7436a,Duck
U Said,Lil Peep,https://open.spotify.com/track/3F42FHouOY59SnSsyD2TAX?si=ad982776aa344ae3,Duck
the song they played (when i crashed into the wall),Lil Peep,https://open.spotify.com/track/2D27mEHstGhdGONAhcEU6q?si=bab88acbf2eb4b1d,Duck
Star Shopping,Lil Peep,https://open.spotify.com/track/30bqVoKjX479ab90a8Pafp?si=a3cb68ad65c14581,Duck
With You,Linkin Park,https://open.spotify.com/track/5uuXtfqM7Wp3idCxyHeOll?si=9446c0a5748a417b,Duck
The Spins,Mac Miller,https://open.spotify.com/track/51pshtuYkgUQnt5huMPbKL?si=bb4bb2ab54b64091,Duck
Blackened,Metallica,https://open.spotify.com/track/0M1pfDTZGWC7cBuEx3FwwT?si=ce6bcb4c6b8b4f4a,Duck
Bad Habit,The Offspring,https://open.spotify.com/track/5tFzUj1jV09bo4wBQWSbDl?si=dd9208915c9c4231,Duck
Miracle Man,Oliver Tree,https://open.spotify.com/track/2PFnwW05Wh0MYkfZxSwfuf?si=6e5848fc67e54792,Duck
Even Flow,Pearl Jam,https://open.spotify.com/track/6QewNVIDKdSl8Y3ycuHIei?si=10e020fde82f4836,Duck
Synchronicity II,The Police,https://open.spotify.com/track/5ynO8cYFjDwELIZfFHHeYe?si=9ffddeb5b96646a7,Duck
Black Hole Sun,Soundgarden,https://open.spotify.com/track/5BHfKRD3LTxFz1tX8AH0DN?si=a879cc2a32e14de9,Duck
B.Y.O.B.,System Of A Down,https://open.spotify.com/track/0EYOdF5FCkgOJJla8DI2Md?si=dfec289c25ad4d7f,Duck
Yes I'm Changing,Tame Impala,https://open.spotify.com/track/0xtIp0lgccN85GfGOekS5L?si=f2b461f4261646af,Duck
Eulogy,TOOL,https://open.spotify.com/track/0RVFjx2HwbHcl5SCSADpFP?si=de87cc035d684fa9,Duck
Maria I'm Drunk,Travis Scott,https://open.spotify.com/track/6Yqmv7XJLCrQEauMbPGZSw?si=461df474b6d8467c,Duck
Check the Rhime,A Tribe Called Quest,https://open.spotify.com/track/4HfxDJ0uLHTLe0fZrx0MbQ?si=367919846bcd43a5,Duck
Nico and the Niners,Twenty One Pilots,https://open.spotify.com/track/5SehvGGC53A7SZKCLXQcyt?si=0fb42855453943cc,Duck
Seasons in the Sun,Terry Jacks,https://open.spotify.com/track/0X3d9gx7UDYgcwwkgTeNLR?si=5945ddbd354548d5,Duck
hand crushed by a mallet (Remix),100 gecs,https://open.spotify.com/track/5Mm2CJzNRiICC5MWRWQnBo?si=84c48fd5959a4218,Duck
Smile,Avril Lavigne,https://open.spotify.com/track/4bia7OWZPoswlzXCqESYrR?si=ac175746754e44a7,Duck
PERCS | PERCZ,Denzel Curry,https://open.spotify.com/track/2NjeQLvFsfeKdZoA7dbfL1?si=69b673b347e54771,Duck
Swing Lynn,Harmless,https://open.spotify.com/track/3VCXx37jNGNOMns6z2OnvJ?si=c7bceb27092e4857,Duck
Burn,"Pouya, Kxllswxtch",https://open.spotify.com/track/0EaoOSTTsx7zqaOFqBaleS?si=24639379b98245c2,Duck
Next Levels,King Geedorah,https://open.spotify.com/track/58MeeOMk6PMQxXWY9YCNPD?si=a61266dc17944502,Duck
Dance Yrself Clean,LCD Soundsystem,https://open.spotify.com/track/2cmRpmO04TLaKPzmAzySYZ?si=f1c099fac7c94fde,Duck
Johnny P's Caddy,Benny The Butcher,https://open.spotify.com/track/6AshXllQhobwSXsdpgp41w?si=3aefe356f8fb411f,Duck
Fine Night,Goreshit,https://open.spotify.com/track/6UeUyaI0Mg6YVrleDiUzdG?si=dedaac14e6f84384,Duck
Midnight Blues,UMI,https://open.spotify.com/track/5HYSOEDwblGTVSh88TZnet?si=d8983e3d3f504604,Duck
(sic),Slipknot,https://open.spotify.com/track/1g8lVIsEkDaGD1nKw6fwUb?si=c83b7daf2430400d,Duck
What's Happening Brother,Marvin Gaye,https://open.spotify.com/track/4ihykcy9d9SSC5qxHIhPcf?si=9a36c3a010c34696,Duck
Behind Bars - Dum Ditty Dum Mix W/O Warren G,Slick Rick,https://open.spotify.com/track/4rhZaMFSJ2mpgJlRMMog6B?si=0a159574b2884f5c,Duck
Mass Appeal,Gang Starr,https://open.spotify.com/track/3lGBvPUgO7MJltUnBlOpe9?si=2aaebc0df724453a,Duck
Give Up the Goods,Mobb Deep,https://open.spotify.com/track/61VlApj8p2ZaP0WTunTrKT?si=0aa7f34e10a74e9a,Duck
Chrysalis,Purity Filter,https://open.spotify.com/track/5gCMxQu4uNxUC2yJcRs3WX?si=061672b5f7c94116,Duck
It's Oh So Quiet,Bjork,https://open.spotify.com/track/0OMNQyneWmmZtTQpULYJcl?si=a8e566cb12e7495c,Duck
Hyperballad,Bjork,https://open.spotify.com/track/4z1fNs2B7KndCsvyPgrhq5?si=e2e4439d4a12487e,Duck
Ecifircas,Sewerslvt,https://open.spotify.com/track/0ROexSyivb8X5LLLzsTFuB?si=679c78c96db7439e,Duck
It's Not up to You,Bjork,https://open.spotify.com/track/4bZnIdaGBf162pZEkxXSgQ?si=02842fe17b2d43e1,Duck
Helter Skelter,The Beatles,https://open.spotify.com/track/0Bs0hUYxz7REyIHH7tRhL2?si=23e7afd40ce34bf6,Duck
New Gold,Gorillaz,https://open.spotify.com/track/4Zx4y8jc0W1en9naQ1GDW2?si=85a1d4bd474a4b17,Duck
Fourth of July,Sufjan Stevens,https://open.spotify.com/track/5Qnrgqy1pAm9GyNQOgyVFz?si=b776a4f9d96d4528,Duck
"Run, Run, Run",McKinley Dixon,https://open.spotify.com/track/1OwZzk6RTDFZNBn8Wm7HYe?si=24c1dc55b9e24af6,Duck
Cloudbusting,Kate Bush,https://open.spotify.com/track/74vfedGgRZKqkbr8gdzvkK?si=721a9f37c3c14300,Duck
Suicide Doors,Lil Uzi Vert,https://open.spotify.com/track/3fDTzkvrOo5xQIO480Qmsb?si=7d667dd122b040b6,Duck
Avian,Mac Miller,https://open.spotify.com/track/3P0mZWUWThSofCgvC9ZJYH?si=f7a9cfa2a64049e1,Duck
Crystal Mountain,Death,https://open.spotify.com/track/0ItAcLSkUiePOmFGun3cSe?si=4436f066d52840ed,Duck
Blvd. Nights,Team Sleep,https://open.spotify.com/track/7xDAU9IAMyWjl7ia3hRxs7?si=91ab712952e34b98,Duck
What Is Life,George Harrison,https://open.spotify.com/track/44fw7RulJyj7dGIi9qR86N?si=7ba895b04f744c5b,Duck
Monster,Lady Gaga,https://www.google.com/url?sa=t&rct=j&q=&esrc=s&source=web&cd=&cad=rja&uact=8&ved=2ahUKEwie_Pns3J6CAxX0qWoFHQFnDvoQwqsBegQIDxAF&url=https%3A%2F%2Fwww.youtube.com%2Fwatch%3Fv%3DdDvEY8LT4x0&usg=AOvVaw3v04VMjZliANYG9LTuhPTA&opi=89978449,shi
Starstruck,Lady Gaga,https://www.google.com/url?sa=t&rct=j&q=&esrc=s&source=web&cd=&cad=rja&uact=8&ved=2ahUKEwjUgeqH3Z6CAxWjg2oFHR34C24QyCl6BAgdEAM&url=https%3A%2F%2Fwww.youtube.com%2Fwatch%3Fv%3Dn6LBhLPCbc4&usg=AOvVaw2Usxr-4oglX_0umt0Fnyvv&opi=89978449,shi
Compass,The Neighbourhood,https://open.spotify.com/track/0YNtAadZvKBBEFARtfoCV8?si=7e9989f1eb434d60,shi
Cry Baby,The Neighbourhood,https://open.spotify.com/track/0EfsDEYaSjGYd66Pr881nq?si=cc11cbde5a2a44d1,shi
Fallen Star,The Neighbourhood,https://open.spotify.com/track/60F6pgM6H6miNr5AmjxwjL?si=620922b3117e49e7,shi
Alleyways,The Neighbourhood,https://open.spotify.com/track/4V37tyDu9CtqYshvrgLke4?si=1769b6bf44254098,shi
Sadderdaze,The Neighbourhood,https://open.spotify.com/track/7sIYHDxjteT6RY29gAGzP2?si=279182c52df04c79,shi
Pretty Boy,The Neighbourhood,https://open.spotify.com/track/7IL8PSVwLOJxqYne6azxQv?si=510869b2657f430b,shi
Left to Right,Marteen,https://open.spotify.com/track/6J6e0hfRgT1sh3MBEdzIzD?si=3c348ef995f7417a,shi
Starboy,"The Weeknd, Daft Punk",https://open.spotify.com/track/7MXVkk9YMctZqd1Srtv4MB?si=6b41933bc20f433f,shi
Often,The Weeknd,https://open.spotify.com/track/4PhsKqMdgMEUSstTDAmMpg?si=f1460befb1e64912,shi
Amoeba,Clairo,https://open.spotify.com/track/0HAqq2GcQKyi3s87GuN7jU?si=8fc43e21ec624012,shi
Bags,Clairo,https://open.spotify.com/track/6UFivO2zqqPFPoQYsEMuCc?si=6c91cf7f34d643bc,shi
First Love/Late Spring,Mitski,https://open.spotify.com/track/3sslYZcFKtUvIEWN9lADgr?si=fffdb82b05124153,shi
Ride,HYBS,https://open.spotify.com/track/37HhnXqIRFSSJXWsysl6B7?si=c1d9e413f31a40bd,shi
girls like me don't cry,thuy,https://open.spotify.com/track/2DtUUBwYwEzKMTMDrc5EiO?si=9bd8c661689d418a,shi
Archangel,SAMURAI,https://open.spotify.com/track/7fxDBPivNoMioFrkDkfoM2?si=44679a6fb2b44004,Esteb1ne
Never Fade Away,SAMURAI,https://open.spotify.com/track/1AslaQYl1cMb1ItQKmtJer?si=a33c1415f7e7447b,Esteb1ne
